name,category,theme,image_url
A,image,classic,https://drive.google.com/uc?export=view&id=10OM4pWyPD0d2RuUSa7y1xiedLmvPdSEz
B,image,classic,https://drive.google.com/uc?export=view&id=10OM4pWyPD0d2RuUSa7y1xiedLmvPdSEz
C,image,classic,https://drive.google.com/uc?export=view&id=10nCR8jxQ6ngnK7eFN6tdkx0I4s9S29kh
D,image,classic,https://drive.google.com/uc?export=view&id=17w5PmMHUW8qXk12XxfCWZ4uOuhXzE9cF
E,image,classic,https://drive.google.com/uc?export=view&id=1993zWFDsbmvVu8MLTIMASAQ2UqvUWgIQ
F,image,classic,https://drive.google.com/uc?export=view&id=1AlCTOAQ9FhmcxHFHJl7Cr-TZ9jMtqAFz
G,image,classic,https://drive.google.com/uc?export=view&id=1B88AdynGqNOi1l5SMMTQ8H0lWQOddPBR
H,image,classic,https://drive.google.com/uc?export=view&id=1B8cA2zS3Db_kI_--f_8rqqQjwzT10Y9p
I,image,classic,https://drive.google.com/uc?export=view&id=1Dc_nc_vHLzn6PwYeI98Qao9Ixk5NQrc3
J,image,classic,https://drive.google.com/uc?export=view&id=1HzYO2h5K_rCsh5mMieiec0eIQnrv4jfd
K,image,classic,https://drive.google.com/uc?export=view&id=1LP12cFjpEzfyaaoaRRAJIALC3gmafXa4
L,image,liar,https://drive.google.com/uc?export=view&id=1LcbmOLqYlkDu1x_6EOxvcXMZs3Jvlg2E
M,image,liar,https://drive.google.com/uc?export=view&id=1Nhm88pORtdv59gU0ZqwjhjjMJTbaMY32
N,image,liar,https://drive.google.com/uc?export=view&id=1HzYO2h5K_rCsh5mMieiec0eIQnrv4jfd
O,image,liar,https://drive.google.com/uc?export=view&id=1HzYO2h5K_rCsh5mMieiec0eIQnrv4jfd
P,image,liar,https://drive.google.com/uc?export=view&id=1HzYO2h5K_rCsh5mMieiec0eIQnrv4jfd
Q,image,footBall,https://drive.google.com/uc?export=view&id=1B8cA2zS3Db_kI_--f_8rqqQjwzT10Y9p
R,image,footBall,https://drive.google.com/uc?export=view&id=1B8cA2zS3Db_kI_--f_8rqqQjwzT10Y9p
S,image,footBall,https://drive.google.com/uc?export=view&id=1B8cA2zS3Db_kI_--f_8rqqQjwzT10Y9p